Course Title,Difficulty,Hours,Link,Course Domain,Description
"Complete Content Creation Bootcamp 2023",Beginner,8.5,https://www.udemy.com/course/complete-content-creation-bootcamp/,Content Creation,"A comprehensive bootcamp for aspiring content creators covering idea generation, filming, editing, and distribution across social platforms."
"Mastering Video Editing with Premiere Pro",Intermediate,12.0,https://www.udemy.com/course/mastering-adobe-premiere-pro/,Video Editing,"Learn advanced techniques in Adobe Premiere Pro, including transitions, color grading, and effects to produce professional-quality videos."
"Adobe After Effects: Motion Graphics & VFX",Advanced,10.0,https://www.udemy.com/course/adobe-after-effects-motion-graphics-vfx/,Video Editing,"Delve into the world of motion graphics and visual effects with Adobe After Effects to enhance your video projects."
"Instagram Marketing & Content Creation Mastery",Intermediate,9.0,https://www.udemy.com/course/instagram-marketing-content-creation/,Social Media,"Discover strategies to create captivating Instagram content and optimize your profile for business growth."
"Creative Photography & Image Editing with Photoshop",Beginner,7.5,https://www.udemy.com/course/creative-photography-photoshop/,Image Editing,"Learn the fundamentals of photography and master Adobe Photoshop techniques to edit and enhance your images."
"Content Creation for Digital Storytelling",Intermediate,8.0,https://www.udemy.com/course/digital-storytelling-content-creation/,Content Creation,"Develop compelling digital narratives and storytelling techniques to engage your online audience."
"Advanced Video Production: From Script to Screen",Advanced,11.0,https://www.udemy.com/course/advanced-video-production/,Video Editing,"Explore the end-to-end process of video production including scripting, shooting, and editing for cinematic results."
"Social Media Content Strategy & Branding",Intermediate,8.5,https://www.udemy.com/course/social-media-content-strategy/,Content Creation,"Learn to create a robust social media content strategy that enhances your brand's online presence and drives engagement."
"Mobile Video Editing with iMovie",Beginner,6.0,https://www.udemy.com/course/mobile-video-editing-imovie/,Video Editing,"An introduction to mobile video editing using iMovie on macOS and iOS devices, perfect for beginners."
"Instagram Stories & Reels: Engage & Grow",Beginner,5.5,https://www.udemy.com/course/instagram-stories-reels/,Social Media,"Master the art of creating engaging Instagram Stories and Reels that capture attention and boost follower growth."
"Photoshop for Content Creators: Design & Edit",Intermediate,9.0,https://www.udemy.com/course/photoshop-for-content-creators/,Image Editing,"Tailored for content creators, this course covers essential Photoshop techniques to design stunning visuals."
"Video Editing Essentials with DaVinci Resolve",Beginner,7.0,https://www.udemy.com/course/video-editing-davinci-resolve/,Video Editing,"Discover the free yet powerful DaVinci Resolve for editing, color correction, and post-production."
"Content Creation for YouTube: Grow Your Channel",Intermediate,10.0,https://www.udemy.com/course/content-creation-for-youtube/,Content Creation,"A step-by-step guide to creating, editing, and optimizing content for YouTube to grow your channel organically."
"Instagram Hacks: Boost Your Engagement",Beginner,4.5,https://www.udemy.com/course/instagram-hacks-engagement/,Social Media,"Learn quick and actionable Instagram hacks to increase engagement and build a loyal audience."
"Creative Video Storytelling: Cinematic Techniques",Advanced,11.5,https://www.udemy.com/course/creative-video-storytelling/,Video Editing,"Explore cinematic storytelling techniques to create videos that resonate emotionally with your viewers."
"Social Media Content Creation with Canva",Beginner,6.5,https://www.udemy.com/course/content-creation-with-canva/,Content Creation,"Use Canva to create beautiful, engaging content without prior design experience. Perfect for social media managers and entrepreneurs."
"Adobe Lightroom: Professional Photo Editing",Intermediate,8.0,https://www.udemy.com/course/adobe-lightroom-professional-photo-editing/,Image Editing,"Enhance your photography skills with Adobe Lightroom through practical techniques for editing and organizing photos."
"Content Strategy & Planning for Creators",Intermediate,8.0,https://www.udemy.com/course/content-strategy-planning/,Content Creation,"Develop a long-term content strategy tailored to your niche, with planning tips and tools to stay organized."
"Advanced Instagram Marketing Strategies",Advanced,9.0,https://www.udemy.com/course/advanced-instagram-marketing/,Social Media,"Deep dive into advanced strategies for leveraging Instagram for marketing, including paid ads, analytics, and influencer collaborations."
"Video Production for Social Media: A Complete Guide",Intermediate,10.0,https://www.udemy.com/course/video-production-social-media/,Video Editing,"Learn to produce and edit videos specifically designed for social media platforms with best practices and creative tips."
"Content Creation Bootcamp: From Zero to Hero",Beginner,7.5,https://www.udemy.com/course/content-creation-bootcamp/,Content Creation,"An intensive bootcamp designed for beginners to learn the essentials of content creation across multiple formats."
"Instagram Algorithm Decoded: Grow Organically",Intermediate,6.5,https://www.udemy.com/course/instagram-algorithm-decoded/,Social Media,"Understand the inner workings of the Instagram algorithm and learn techniques to boost organic growth."
"Video Editing with Final Cut Pro X",Advanced,12.0,https://www.udemy.com/course/video-editing-final-cut-pro-x/,Video Editing,"Master Final Cut Pro X with advanced editing techniques to produce professional-quality videos."
"Effective Content Creation for Blogs & Vlogs",Beginner,7.0,https://www.udemy.com/course/effective-content-creation/,Content Creation,"A dual-focused course for bloggers and vloggers on creating engaging content that attracts and retains viewers."
"Creative Image Editing: Advanced Techniques",Advanced,10.0,https://www.udemy.com/course/creative-image-editing/,Image Editing,"Enhance your images using advanced editing techniques in Photoshop and Lightroom to create visually stunning content."
"Instagram Content Planning & Strategy",Intermediate,8.0,https://www.udemy.com/course/instagram-content-planning/,Social Media,"Learn to plan, create, and schedule Instagram content that aligns with your brandâ€™s voice and strategy."
"Video Storytelling: Techniques for Impact",Advanced,11.0,https://www.udemy.com/course/video-storytelling-techniques/,Video Editing,"Harness the power of storytelling in video form to create impactful narratives that drive audience engagement."
"Social Media Branding for Content Creators",Intermediate,8.5,https://www.udemy.com/course/social-media-branding/,Content Creation,"Build a strong personal or business brand on social media through consistent content and strategic storytelling."
"Digital Content Creation: Photography & Video",Beginner,7.5,https://www.udemy.com/course/digital-content-creation/,Content Creation,"Explore both photography and video to create diverse digital content that stands out online."
"Instagram Ads Mastery: From Basics to Pro",Advanced,9.5,https://www.udemy.com/course/instagram-ads-mastery/,Social Media,"A comprehensive course on setting up and optimizing Instagram ad campaigns to reach targeted audiences."
"Content Creation for E-commerce: Product Videos",Intermediate,8.0,https://www.udemy.com/course/content-creation-for-ecommerce/,Content Creation,"Learn to create engaging product videos that enhance e-commerce conversion rates and customer engagement."
"Masterclass in Social Media Video Editing",Advanced,10.5,https://www.udemy.com/course/social-media-video-editing-masterclass/,Video Editing,"Advanced techniques in video editing tailored for social media, including aspect ratio optimization and dynamic transitions."
"Instagram Engagement: Techniques and Tactics",Beginner,5.0,https://www.udemy.com/course/instagram-engagement-techniques/,Social Media,"Discover tactics to boost your Instagram engagement through interactive content and community building."
"Creative Content Production with Mobile Devices",Beginner,6.0,https://www.udemy.com/course/creative-content-production-mobile/,Content Creation,"Produce high-quality content using only your smartphone, covering shooting, editing, and social media posting."
"Visual Storytelling with Adobe Spark",Beginner,4.5,https://www.udemy.com/course/visual-storytelling-adobe-spark/,Content Creation,"Use Adobe Spark to quickly create visually appealing stories for your social media channels."
"Professional Video Editing for Vloggers",Intermediate,9.0,https://www.udemy.com/course/professional-video-editing-vloggers/,Video Editing,"Tailored for vloggers, this course covers editing techniques to enhance storytelling and viewer retention."
"Content Creation for Influencers: Build Your Brand",Intermediate,8.0,https://www.udemy.com/course/content-creation-influencers/,Content Creation,"Learn how to create and curate content that builds your personal brand and attracts sponsorship opportunities."
"Social Media Video Ads: Creative Production",Advanced,10.0,https://www.udemy.com/course/social-media-video-ads/,Video Editing,"Master the creation of video ads for social media with a focus on creativity, storytelling, and conversion optimization."
"Instagram Reels & TikTok: Short-Form Video Mastery",Beginner,5.5,https://www.udemy.com/course/instagram-reels-tiktok/,Social Media,"Learn to create engaging short-form videos for Instagram Reels and TikTok that drive audience engagement."
"Content Creation for Brand Storytelling",Intermediate,8.5,https://www.udemy.com/course/brand-storytelling-content-creation/,Content Creation,"Develop your brand story and translate it into compelling content that resonates across digital platforms."
"Video Editing for Beginners: A Step-by-Step Guide",Beginner,7.0,https://www.udemy.com/course/video-editing-for-beginners/,Video Editing,"A practical introduction to video editing covering basic techniques, software navigation, and simple effects."
"Instagram Content Hacks: Grow Your Followers",Beginner,4.0,https://www.udemy.com/course/instagram-content-hacks/,Social Media,"Quick hacks and tips to optimize your Instagram content strategy and boost follower growth rapidly."
"Advanced Social Media Content Creation Techniques",Advanced,11.0,https://www.udemy.com/course/advanced-social-media-content/,Content Creation,"Explore advanced methods in content creation, including viral techniques, influencer collaborations, and analytics-driven improvements."
"Mastering the Art of Vlogging",Intermediate,9.0,https://www.udemy.com/course/mastering-vlogging/,Content Creation,"Learn how to start, produce, and grow a successful vlog with a focus on storytelling, editing, and audience engagement."
"Photoshop Essentials for Content Creators",Beginner,6.5,https://www.udemy.com/course/photoshop-essentials-content-creators/,Image Editing,"An introductory course to Adobe Photoshop with practical tips for creating and editing visual content."
"Video Editing Workflow Optimization",Advanced,10.0,https://www.udemy.com/course/video-editing-workflow/,Video Editing,"Improve your video editing workflow with advanced techniques and time-saving strategies in popular editing software."
"Content Creation: From Concept to Publication",Intermediate,8.0,https://www.udemy.com/course/concept-to-publication-content-creation/,Content Creation,"A complete guide to the content creation process, from brainstorming ideas to publishing finished content online."
"Instagram Growth Accelerator",Advanced,9.5,https://www.udemy.com/course/instagram-growth-accelerator/,Social Media,"Advanced strategies and techniques to accelerate organic growth on Instagram through optimized content and engagement tactics."
"Creative Branding & Content Creation",Intermediate,8.5,https://www.udemy.com/course/creative-branding-content-creation/,Content Creation,"Combine branding and creative content strategies to build a memorable online presence and connect with your audience."
"Video Storytelling for Social Change",Advanced,10.0,https://www.udemy.com/course/video-storytelling-social-change/,Video Editing,"Learn to use video storytelling as a powerful tool to drive social change and influence public opinion."
"Content Creation & Marketing for Entrepreneurs",Intermediate,8.0,https://www.udemy.com/course/content-creation-marketing-entrepreneurs/,Content Creation,"Develop and implement content creation and marketing strategies tailored for entrepreneurs looking to build a business online."
"Social Media Design with Canva",Beginner,5.0,https://www.udemy.com/course/social-media-design-canva/,Content Creation,"Learn how to design professional-looking social media posts using Canva, even with no prior design experience."
"Video Editing Fundamentals: Cutting & Splicing",Beginner,7.0,https://www.udemy.com/course/video-editing-fundamentals-cutting-splicing/,Video Editing,"Focus on the basics of video editing with an emphasis on cutting, splicing, and arranging clips effectively."
"Content Creation for Digital Nomads",Intermediate,8.0,https://www.udemy.com/course/content-creation-digital-nomads/,Content Creation,"Explore content creation strategies that support a digital nomad lifestyle, balancing creativity with productivity on the go."
"Instagram Marketing: Content Creation & Analytics",Advanced,9.0,https://www.udemy.com/course/instagram-marketing-analytics/,Social Media,"Master both the creative and analytical aspects of Instagram marketing to optimize your content performance."
"Content Creation Mastery: Photography, Video & More",Advanced,11.0,https://www.udemy.com/course/content-creation-mastery/,Content Creation,"A comprehensive course covering multiple content creation disciplines including photography, video, and graphic design to build a versatile portfolio."
"Creative Editing: Transform Your Footage",Advanced,10.0,https://www.udemy.com/course/creative-editing-transform-footage/,Video Editing,"Learn creative editing techniques to transform raw footage into engaging and polished video content."
"Instagram for Creators: From Content to Community",Beginner,6.5,https://www.udemy.com/course/instagram-for-creators/,Social Media,"A beginner-friendly course focusing on building a community on Instagram through effective content creation and engagement strategies."
"Content Creation Essentials: Writing & Visuals",Beginner,7.5,https://www.udemy.com/course/content-creation-writing-visuals/,Content Creation,"Combine writing and visual design techniques to create content that is both informative and visually appealing."
"Professional Video Editing with Sony Vegas Pro",Advanced,12.0,https://www.udemy.com/course/professional-video-editing-sony-vegas/,Video Editing,"Master the features of Sony Vegas Pro to produce professional-quality videos with a streamlined workflow."
"Social Media Content Planning for Maximum Impact",Intermediate,8.0,https://www.udemy.com/course/social-media-content-planning-impact/,Content Creation,"Learn to plan and schedule your social media content to achieve maximum engagement and impact over time."
"Content Creation for Brand Ambassadors",Intermediate,8.5,https://www.udemy.com/course/content-creation-brand-ambassadors/,Content Creation,"Discover strategies for content creation that build brand ambassador programs and foster customer loyalty."
"Video Editing for Creative Storytellers",Advanced,10.5,https://www.udemy.com/course/video-editing-creative-storytellers/,Video Editing,"Focus on creative storytelling through advanced video editing techniques, perfect for filmmakers and content creators."
"Instagram Content Creation: DIY Guide",Beginner,5.0,https://www.udemy.com/course/instagram-content-creation-diy/,Social Media,"A do-it-yourself guide to creating engaging Instagram content using simple tools and creative strategies."
"Content Creation Blueprint for Success",Intermediate,9.0,https://www.udemy.com/course/content-creation-blueprint/,Content Creation,"Develop a personalized blueprint for content creation that aligns with your strengths and addresses your weaknesses in the digital space."
"Video Editing Techniques: From Amateur to Pro",Advanced,11.0,https://www.udemy.com/course/video-editing-techniques-amateur-to-pro/,Video Editing,"Elevate your video editing skills from basic to professional with advanced techniques and insider tips."
"Creative Content Creation for Social Media",Intermediate,8.0,https://www.udemy.com/course/creative-content-creation-social-media/,Content Creation,"Learn how to generate creative content ideas and produce engaging multimedia content for social media platforms."
